{
    "average_rogue_score": {
        "rouge1": 0.004175831225484805,
        "rouge2": 0.0018668206312548112,
        "rougeL": 0.004175831225484805
    },
    "average_BLEU_score": 0.32817689445874376
}